--
-- PostgreSQL database dump
--

-- Dumped from database version 17.0 (Postgres.app)
-- Dumped by pg_dump version 17.0 (Postgres.app)

SET statement_timeout = 0;
SET lock_timeout = 0;
SET idle_in_transaction_session_timeout = 0;
SET transaction_timeout = 0;
SET client_encoding = 'UTF8';
SET standard_conforming_strings = on;
SELECT pg_catalog.set_config('search_path', '', false);
SET check_function_bodies = false;
SET xmloption = content;
SET client_min_messages = warning;
SET row_security = off;

--
-- Name: public; Type: SCHEMA; Schema: -; Owner: fusionmobilitystore
--

-- *not* creating schema, since initdb creates it


ALTER SCHEMA public OWNER TO fusionmobilitystore;

--
-- Name: SCHEMA public; Type: COMMENT; Schema: -; Owner: fusionmobilitystore
--

COMMENT ON SCHEMA public IS '';


SET default_tablespace = '';

SET default_table_access_method = heap;

--
-- Name: carbon_intensity; Type: TABLE; Schema: public; Owner: postgres
--

CREATE TABLE public.carbon_intensity (
    carbon_intensity integer,
    country character varying(255),
    year integer NOT NULL
);


ALTER TABLE public.carbon_intensity OWNER TO postgres;

--
-- Name: default_energy_consumption; Type: TABLE; Schema: public; Owner: postgres
--

CREATE TABLE public.default_energy_consumption (
    id integer NOT NULL,
    default_energy_consumption integer
);


ALTER TABLE public.default_energy_consumption OWNER TO postgres;

--
-- Name: defaultec; Type: TABLE; Schema: public; Owner: postgres
--

CREATE TABLE public.defaultec (
    id integer NOT NULL,
    defaultec integer
);


ALTER TABLE public.defaultec OWNER TO postgres;

--
-- Name: odometer_reading; Type: TABLE; Schema: public; Owner: postgres
--

CREATE TABLE public.odometer_reading (
    id integer NOT NULL,
    date date,
    license_plate character varying(255),
    mileage integer
);


ALTER TABLE public.odometer_reading OWNER TO postgres;

--
-- Name: odometer_reading_id_seq; Type: SEQUENCE; Schema: public; Owner: postgres
--

ALTER TABLE public.odometer_reading ALTER COLUMN id ADD GENERATED BY DEFAULT AS IDENTITY (
    SEQUENCE NAME public.odometer_reading_id_seq
    START WITH 1
    INCREMENT BY 1
    NO MINVALUE
    NO MAXVALUE
    CACHE 1
);


--
-- Name: project; Type: TABLE; Schema: public; Owner: postgres
--

CREATE TABLE public.project (
    project_id integer NOT NULL,
    carbon_emission double precision,
    end_date date,
    end_mileage integer,
    start_date date,
    start_mileage integer,
    vehicle_id bigint
);


ALTER TABLE public.project OWNER TO postgres;

--
-- Name: vehicle; Type: TABLE; Schema: public; Owner: postgres
--

CREATE TABLE public.vehicle (
    vehicle_id bigint NOT NULL,
    energy_consumptionnedc integer,
    energy_consumptionwltp integer,
    fuel_type character varying(255),
    license_plate character varying(255),
    make character varying(255),
    mileage integer,
    model character varying(255),
    type character varying(255),
    year character varying(255)
);


ALTER TABLE public.vehicle OWNER TO postgres;

--
-- Data for Name: carbon_intensity; Type: TABLE DATA; Schema: public; Owner: postgres
--

COPY public.carbon_intensity (carbon_intensity, country, year) FROM stdin;
240	Hungary	2024
258	Hungary	2023
307	Hungary	2022
\.


--
-- Data for Name: default_energy_consumption; Type: TABLE DATA; Schema: public; Owner: postgres
--

COPY public.default_energy_consumption (id, default_energy_consumption) FROM stdin;
1	188
\.


--
-- Data for Name: defaultec; Type: TABLE DATA; Schema: public; Owner: postgres
--

COPY public.defaultec (id, defaultec) FROM stdin;
\.


--
-- Data for Name: odometer_reading; Type: TABLE DATA; Schema: public; Owner: postgres
--

COPY public.odometer_reading (id, date, license_plate, mileage) FROM stdin;
1	2023-12-01	AAA111	16000
2	2023-12-09	AAA111	16999
3	2023-12-12	AAA111	24999
4	2023-12-13	AAA111	25299
5	2024-06-01	GGG562	45985
6	2024-06-02	GGG562	46985
10	2024-06-20	GGG562	49985
\.


--
-- Data for Name: project; Type: TABLE DATA; Schema: public; Owner: postgres
--

COPY public.project (project_id, carbon_emission, end_date, end_mileage, start_date, start_mileage, vehicle_id) FROM stdin;
1	610.944	2023-11-30	12600	2023-10-27	1	433547720230824
2	529.416	2023-03-21	10920	2023-02-17	5	429679520221124
3	1042.32	2023-09-26	15620	2023-09-07	20	738361820200422
4	1160.742	2023-05-02	23940	2023-02-27	4	840530020240125
5	1820.19	2023-06-08	47040	2023-02-07	5	836242520230515
6	2928.72	2024-01-13	64260	2023-04-07	33	818350620200501
7	818.892	2023-11-15	22680	2023-04-07	3	826455320211206
8	1989.6	2024-01-25	59220	2023-03-07	2	826455320211206
9	481.944	2023-03-23	10500	2023-02-07	4	781936420191206
10	1607.082	2023-07-30	29820	2023-02-07	12	814349220220718
11	1580.64	2024-03-10	41920	2023-05-08	12116	807008020230726
12	757.23	2023-06-07	23440	2023-02-07	7824	840530020240125
13	326.886	2023-11-14	8400	2023-08-03	5	839547320231021
14	837.984	2023-04-26	21100	2023-02-07	7	743140420200305
15	1329.732	2023-08-12	26600	2023-05-12	31	837446720230601
16	1079.214	2023-11-17	22260	2023-02-07	8	428439420211122
17	1515.12	2024-01-07	33600	2023-06-02	15	437970420230901
18	2159.28	2024-06-20	50000	2023-06-17	15	816643820220808
\.


--
-- Data for Name: vehicle; Type: TABLE DATA; Schema: public; Owner: postgres
--

COPY public.vehicle (vehicle_id, energy_consumptionnedc, energy_consumptionwltp, fuel_type, license_plate, make, mileage, model, type, year) FROM stdin;
128375320230607	\N	\N	E	\N	HYUNDAI	\N	KONA	(!)BEV 65KWH STYLE	2023
407060720210510	22	\N	E	\N	JAGUAR	\N	I-PACE	(O)BEV 90KWH EV400 S AUTO 4WD	2021
411644620210701	\N	145	E	\N	HYUNDAI	\N	KONA	(O)BEV 39KWH COMFORT	2020
414043020230703	17	172	E	\N	HONDA	\N	HONDA E	(O)BEV 35.5KWH 154HP ADVANCE 16 INCH	2023
414660820200205	\N	\N	E	\N	PEUGEOT	\N	208	(O)ELECTRIC GT LINE	2019
414660820230608	\N	159	E	\N	PEUGEOT	\N	208	(O)ELECTRIC GT	2022
415024720210518	16	156	E	\N	KIA	\N	NIRO	(O)BEV 39KWH E BRONZE AUTO	2020
415024720220704	\N	157	E	\N	KIA	\N	NIRO	(O)BEV 39KWH E BRONZE AUTO	2022
416643820230818	18	155	E	\N	DS	\N	DS 3	(O)BEV 54KWH E-TENSE PERFORMANCE LINE AU	2022
417988720240110	\N	215	E	\N	MERCEDES	\N	VITO	(O)BEV 60KWH E-VITO AUTO SWB LONG FWD	2022
418825620240110	26	281	E	\N	MERCEDES	\N	EQV	(O)BEV 100KWH EQV 300 AUTO LONG	2023
418959420240118	35	346	E	\N	MERCEDES	\N	SPRINTER	(O)BEV 35KWH E-SPRINTER AUT MWB 3.5T FWD	2022
419418320211022	14	104	E	\N	FIAT	\N	500	(O)BEV 42KWH LA PRIMA AUTO	2021
419418420211022	14	\N	E	\N	FIAT	\N	500	(O)BEV 42KWH L' UNGHERIA AUTO	2021
420087020201014	18	\N	E	\N	BMW	\N	IX3	(O)80KWH INSPIRING AUTO	2021
420087020231011	18	185	E	\N	BMW	\N	IX3	(O)BEV 80KWH INSPIRING AUTO	2023
420811020240110	25	276	E	\N	MERCEDES	\N	VITO	(O)BEV 90KWH E-VITO TOUR.PRO AUT SWB L.	2022
421096920210519	14	154	E	\N	VOLKSWAGEN	\N	ID.3	(O)62KWH LIFE AUTO	2021
422909520210518	\N	156	E	\N	KIA	\N	SOUL	(O)BEV 39KWH E GOLD AUTO	2021
423018620210513	15	\N	E	\N	SKODA	\N	ENYAQ	(O)BEV IV 60KWH AUTO	2021
423018620220701	15	168	E	\N	SKODA	\N	ENYAQ	(O)BEV IV 60KWH AUTO	2022
423018620231102	\N	161	E	\N	SKODA	\N	ENYAQ	(O)BEV IV 60KWH AUTO	2023
423407420230901	\N	\N	E	\N	CITROEN	\N	C4	(O)BEV 50 KWH ELECTRIC SHINE PLUS	2023
423679620240110	\N	130	E	\N	FIAT	\N	500	(O)BEV 24KWH AUTO	2023
423679820240110	\N	\N	E	\N	FIAT	\N	500	(O)BEV 42KWH AUTO	2023
424508620231121	\N	167	E	\N	MERCEDES	\N	EQA	(O)BEV 67KWH EQA 250 AUTO	2023
425199720230912	\N	\N	E	\N	CITROEN	\N	JUMPY	(O)50KWH ELECTRIC M	2023
425774220210519	16	171	E	\N	VOLKSWAGEN	\N	ID.4	(O)82KWH 204HP LIFE AUTO	2021
425871120220616	\N	\N	E	\N	DACIA	\N	SPRING	(O)BEV 27KWH COMFORT AUTO	2022
425871120230501	\N	119	E	\N	DACIA	\N	SPRING	(O)BEV 27KWH ESSENTIAL AUTO	2023
426235820230301	\N	175	E	\N	OPEL	\N	MOKKA	(O)BEV 50KWH E-ULTIMATE AUTO	2023
426418420230401	\N	\N	E	\N	OPEL	\N	ZAFIRA	(O)BEV 50KWH E-BUSINESS EDITION M AUTO	2023
426436320230912	\N	265	E	\N	CITROEN	\N	SPACETOURER	(O)BEV 75KWH M BUSINESS AUTO	2022
426436920220101	\N	229	E	\N	OPEL	\N	VIVARO	(O)BEV 50KWH AUTO SWB 9STR	2021
426455320230901	\N	147	E	\N	TESLA	\N	MODEL 3	(O)BEV RWD	2021
426734420210806	16	176	E	\N	AUDI	\N	Q4	(O)BEV 55KWH E-TRON 35 CITY	2022
426879620230208	\N	203	E	\N	BMW	\N	IX	(O)BEV 77KWH XDRIVE40 AUTO	2022
427550420211122	\N	239	E	\N	VOLVO	\N	XC40	(O)BEV 78KWH RECHARGE TWIN PLUS AWD	2022
427632220211013	\N	185	E	\N	FORD	\N	MUSTANG MACH-E	(O)BEV 75KWH 269HP AWD AUTO 4WD STAND RA	2021
428031320230912	\N	\N	E	\N	CITROEN	\N	BERLINGO	(O)BEV 50KWH 136HP M CLUB 1000KG	2023
428119420231011	\N	170	E	\N	BMW	\N	I4	(O)BEV 84KWH M50 AUTO 4WD	2023
428429220211122	\N	220	E	\N	VOLVO	\N	C40	(O)BEV 78KWH RECHARGE TWIN PRO AWD	2022
428429220221124	0	\N	E	\N	VOLVO	\N	C40	(O)BEV 78KWH RECHARGE TWIN ULTIMATE AWD	2023
429518520231121	\N	\N	E	\N	MERCEDES	\N	EQS	(O)BEV 91KWH EQS 350 AUTO	2023
429688120231121	\N	174	E	\N	MERCEDES	\N	EQB	(O)BEV 67KWH EQB 300 AUTO 4MATIC	2023
430780920220330	\N	\N	E	\N	FORD	\N	TRANSIT	(O)BEV 68KWH 183HP 390 L3H2 TREND AUT RW	2022
430920920221213	16	156	E	\N	CUPRA	\N	BORN	(O)BEV 58KWH 150KW AUTO	2022
431136520240116	\N	160	E	\N	RENAULT	\N	MEGANE E-TECH	(O)BEV 40KWH 130HP EQUILIBRE BOOST CHARG	2023
431915220230918	\N	\N	E	\N	MERCEDES	\N	EQE	(O)BEV 91KWH EQE 350+ AUTO	2022
433025220230531	\N	192	E	\N	BMW	\N	I7	(O)BEV 106KWH XDRIVE60 AUTO 4WD	2023
433083220230306	15	166	E	\N	VOLKSWAGEN	\N	ID.5	(O)BEV 82KWH 220 KW GTX 4MOTION AUTO	2023
434156320231102	\N	157	E	\N	SKODA	\N	ENYAQ COUPE	(O)BEV IV 82KWH RS AUTO 4WD	2023
434537920231011	17	169	E	\N	BMW	\N	IX1	(O)BEV 66KWH XDRIVE30 A	2023
435088420230620	21	210	E	\N	VOLVO	\N	EX90	(O)BEV 111KWH TWIN ULTRA AUTO AWD 7ST	2024
435408520230901	\N	151	E	\N	CITROEN	\N	C4 X	(O)BEV 50 KWH ELECTRIC SHINE PLUS	2022
607248520180703	\N	\N	E	\N	PEUGEOT	\N	ION	(O)ACTIVE	2018
620424320140303	18	\N	E	\N	PEUGEOT	\N	PARTNER	(O)ELECTRIC ACTIVE L2	2013
621549320171002	17	\N	E	\N	NISSAN	\N	LEAF	(O)109 HP VISIA	2017
629478820181009	18	\N	E	\N	CITROEN	\N	BERLINGO	(O)ELECTRIC DISTRICT L1	2017
643140320190129	12	\N	E	\N	VOLKSWAGEN	\N	UP	(O)E-UP	2019
643140320221213	\N	144	E	\N	VOLKSWAGEN	\N	UP	(O)BEV 37 KWH E-UP	2023
643140420190129	13	\N	E	\N	VOLKSWAGEN	\N	GOLF	(O)E-GOLF	2019
657677420191219	15	173	E	\N	RENAULT	\N	ZOE	(O)R110 INTENS	2018
667955120171108	17	\N	E	\N	MERCEDES	\N	B-CLASS	(O)B 250 E	2017
674425720190214	12	\N	E	\N	HYUNDAI	\N	IONIQ	(O)ELECTRIC PREMIUM EDITION	2017
674425720210517	\N	138	E	\N	HYUNDAI	\N	IONIQ	(O)BEV 38.3KWH PREMIUM	2021
679544420180410	15	\N	E	\N	FORD	\N	FOCUS	(O)ELECTRIC	2017
681936420191206	14	\N	E	\N	SMART	\N	FORFOUR	(O)18KWH EQ BATTERY	2018
684813820191206	13	\N	E	\N	SMART	\N	FORTWO	(O)18KWH EQ BATTERY	2018
700830720111201	\N	\N	E	\N	CITROEN	\N	C-ZERO	C-ZERO	2011
700830720141001	13	\N	E	\N	CITROEN	\N	C-ZERO	C-ZERO COLLECTION	2014
702221620131024	4	\N	E	\N	MITSUBISHI	\N	I	BASE PLUS TWO-TONED	2012
720424320130601	\N	\N	E	\N	PEUGEOT	\N	PARTNER	ELECTRIC ACTIVE L2	2013
726259620190107	14	\N	E	\N	HYUNDAI	\N	KONA	ELECTRIC PREMIUM EDITION 39KWH	2019
726259620200205	14	153	E	\N	HYUNDAI	\N	KONA	ELECTRIC PREMIUM 39KWH	2020
737169520180501	15	152	E	\N	RENAULT	\N	KANGOO EXPRESS	Z.E. 33	2018
738361720190101	24	\N	E	\N	NISSAN	\N	EVALIA	ACENTA ELECTRIC	2018
738361720210301	26	259	E	\N	NISSAN	\N	EVALIA	BEV 40KWH ACENTA AUTO	2020
738361820141001	17	\N	E	\N	NISSAN	\N	NV200	(!)TEKNA ELECTRIC	2014
739717120141101	13	\N	E	\N	BMW	\N	I3	AUTOMATIC	2015
743140320200901	13	136	E	\N	VOLKSWAGEN	\N	UP	37 KWH E-UP	2020
752714720150601	14	\N	E	\N	KIA	\N	SOUL	EV EX	2015
769951520201014	14	155	E	\N	BMW	\N	I3	42KWH AUTOMATIC 120AH	2020
781356320170215	14	\N	E	\N	RENAULT	\N	ZOE	TYPE 1 LIFE	2017
784813820191206	18	176	E	\N	SMART	\N	FORTWO	BEV 18KWH EQ BATTERY AUTO	2020
792194420190304	\N	181	E	\N	NISSAN	\N	LEAF	150HP ACENTA 40KWH	2019
802519820181001	\N	\N	E	\N	MAXUS	\N	EV80	BEV 56KWH AUTO LWB H2	2018
807007920190205	25	\N	E	\N	AUDI	\N	E-TRON	55 QUATTRO	2019
807007920200602	25	234	E	\N	AUDI	\N	E-TRON	55 QUATTRO	2020
807060720231108	22	230	E	\N	JAGUAR	\N	I-PACE	BEV 90KWH EV400 R-DYNAMIC S AUTO 4WD	2024
809377120190506	20	\N	E	\N	MERCEDES	\N	EQC	EQC 400 4MATIC SE 4WD	2019
809377120220414	\N	\N	E	\N	MERCEDES	\N	EQC	BEV 80KWH EQC 400 AUTO 4MATIC	2022
811547720190719	\N	168	E	\N	OPEL	\N	CORSA	CORSA-E FIRST EDITION	2020
814042920191001	\N	\N	E	\N	HONDA	\N	HONDA E	35.5KWH 136HP	2020
814043020200616	18	\N	E	\N	HONDA	\N	HONDA E	35.5KWH 154HP ADVANCE 16 INCH	2020
814312120191107	13	\N	E	\N	SKODA	\N	CITIGO	37KWH E IV STYLE AUTO	2020
814349220200227	27	\N	E	\N	PORSCHE	\N	TAYCAN	4S	2020
814606020200204	17	\N	E	\N	MINI	\N	MINI	COOPER SE S AUTO	2020
815423320210101	\N	170	E	\N	RENAULT	\N	ZOE	R110 LIFE	2020
816288920200602	25	233	E	\N	AUDI	\N	E-TRON SPORTBACK	55 QUATTRO S LINE	2020
816288920230726	25	215	E	\N	AUDI	\N	Q8 E-TRON SPORTBACK	BEV 114KWH 55 QUATTRO S LINE	2024
816569620200401	22	\N	E	\N	VOLKSWAGEN	\N	CRAFTER	E-CRAFTER 35 136HP L3H3	2020
816643820200221	\N	\N	E	\N	DS	\N	DS 3 CROSSBACK	E-TENSE 50 KWH AUTO PERFORMANCE LINE	2020
816643820240123	\N	153	E	\N	DS	\N	DS 3	BEV 54KWH E-TENSE PERFORMANCE LINE AUTO	2024
817376520200807	\N	\N	E	\N	PEUGEOT	\N	2008	ELECTRIQUE GT LINE	2020
817376620211209	\N	169	E	\N	PEUGEOT	\N	2008	ELECTRIQUE GT PACK	2021
817988720200501	27	\N	E	\N	MERCEDES	\N	VITO	35KWH E-VITO AUTO SWB LONG FWD	2020
820087020231011	\N	176	E	\N	BMW	\N	IX3	BEV 80KWH INSPIRING AUTO	2024
820632720201217	22	\N	E	\N	MAN	\N	TGE	3.5T EV L1H2	2021
823407520240110	\N	153	E	\N	CITROEN	\N	C4	BEV 50 KWH ELECTRIC MAX	2023
823799620220101	\N	\N	E	\N	RENAULT	\N	MASTER	Z.E. 33KWH L1H1 3.1T	2021
824508620211005	16	\N	E	\N	MERCEDES	\N	EQA	BEV 67KWH EQA 250 AUTO	2021
824508620220414	\N	\N	E	\N	MERCEDES	\N	EQA	BEV 67KWH EQA 250 AUTO	2022
824909720220702	19	205	E	\N	AUDI	\N	E-TRON GT	93KWH QUATTRO	2022
825538120220311	\N	\N	E	\N	HYUNDAI	\N	IONIQ 5	BEV 58KWH RWD COMFORT	2021
825893820210406	\N	330	E	\N	FIAT	\N	DUCATO	BEV 47KWH LH3 AUTO 3.5T FURGONE	2021
825897920210406	\N	\N	E	\N	FIAT	\N	DUCATO	BEV 47KWH MWB AUTO 3.5T CABINATO	2021
826364620220502	\N	267	E	\N	PEUGEOT	\N	TRAVELLER	BEV 75 KWH 136 PS L2 BUSINESS	2021
826390120220502	\N	\N	E	\N	PEUGEOT	\N	EXPERT	BEV 50 KWH L2 PREMIUM	2021
826435720210721	\N	\N	E	\N	CITROEN	\N	SPACETOURER	BEV 50KWH FEEL XS 8SEATS	2021
826455420210517	16	\N	E	\N	TESLA	\N	MODEL 3	75KWH LONG RANGE 4WD DUAL MOTOR AUTO	2021
826455820210517	\N	\N	E	\N	TESLA	\N	MODEL S	100 KWH LONG RANGE 4WD	2022
826455820231031	\N	181	E	\N	TESLA	\N	MODEL S	BEV AWD	2022
826456120210517	\N	\N	E	\N	TESLA	\N	MODEL X	LONG RANGE 4WD	2022
826456220231031	\N	211	E	\N	TESLA	\N	MODEL X	BEV PLAID AWD	2022
826555520210518	\N	\N	E	\N	KIA	\N	EV6	BEV 58KWH 170HP EV6 LIGHT AUTO	2022
826555520221103	\N	178	E	\N	KIA	\N	EV6	BEV 58KWH 170HP AIR AUTO	2022
827118120220702	16	172	E	\N	AUDI	\N	Q4 SPORTBACK	BEV 55KWH 35 E-TRON AUTO	2022
827269120220309	\N	\N	E	\N	LEXUS	\N	UX	BEV 54KWH 300E ELEGANCE	2022
827269120230801	\N	167	E	\N	LEXUS	\N	UX	BEV 73KWH 300E ELEGANCE	2023
827518320240117	\N	166	E	\N	TESLA	\N	MODEL Y	BEV PERFORMANCE DUAL MOTOR AWD	2021
827705720220702	16	\N	E	\N	AUDI	\N	Q4 SPORTBACK	BEV 82KWH 40 E-TRON AUTO	2022
827855020230927	\N	168	E	\N	AUDI	\N	Q4	BEV 82KWH E-TRON 55 QUATTRO	2024
827910220230927	\N	166	E	\N	AUDI	\N	Q4 SPORTBACK	BEV 82KWH 55 E-TRON QUATTRO AUTO	2024
828017120211209	\N	\N	E	\N	PEUGEOT	\N	RIFTER	BEV 50KWH ALLURE PACK	2021
828056320210811	17	\N	E	\N	MERCEDES	\N	EQS	BEV 108KWH EQS 450+ AUTO	2021
828429220220420	0	220	E	\N	VOLVO	\N	C40	BEV 78KWH RECHARGE TWIN ULTIMATE AWD	2023
828885320221101	\N	204	E	\N	PEUGEOT	\N	PARTNER	BEV 50KWH L2	2022
829688120220414	\N	\N	E	\N	MERCEDES	\N	EQB	BEV 67KWH EQB 300 4MATIC AUTO	2022
830201220230918	\N	203	E	\N	MERCEDES	\N	EQS	BEV 108KW EQS 53 MERCEDES-AMG AUT 4MAT+	2023
831864520240116	\N	\N	E	\N	TOYOTA	\N	BZ4X	BEV 71KWH 204 HP PRESTIGE	2022
831915220230918	\N	195	E	\N	MERCEDES	\N	EQE	BEV 89KWH EQE 350 AUTO	2023
832094220220621	\N	\N	E	\N	FIAT	\N	SCUDO	BEV 50KWH SX AUTO L1H1 2.8T	2022
832717520220616	\N	174	E	\N	SUBARU	\N	SOLTERRA	BEV 71KWH COMFORT AWD	2022
832779120230717	\N	210	E	\N	VOLKSWAGEN	\N	ID. BUZZ	BEV 82KWH 150 KW CARGO AUTO	2023
832779220230717	19	208	E	\N	VOLKSWAGEN	\N	ID. BUZZ	BEV 82KWH 150 KW PRO AUTO	2023
833180820230403	\N	184	E	\N	NISSAN	\N	ARIYA	BEV 63KWH ADVANCE AUTO	2022
833467620220701	\N	176	E	\N	MG	\N	ZS	BEV 51KWH COMFORT+ STD RANGE	2022
833470720220614	\N	\N	E	\N	OPEL	\N	COMBO	BEV 50KWH EDITION SWB	2022
834076520230215	\N	\N	E	\N	TOYOTA	\N	PROACE CITY	BEV 50KWH 136HP L2H1 COMFORT SMART CARGO	2022
834077420230215	\N	\N	E	\N	TOYOTA	\N	PROACE CITY VERSO	BEV 50KWH SHUTTLE L2H1	2022
834537920231011	\N	164	E	\N	BMW	\N	IX1	BEV 66KWH XDRIVE30 A	2024
835088420230620	\N	203	E	\N	VOLVO	\N	EX90	BEV 111KWH TWIN ULTRA AUTO AWD 7ST	2025
835734320231208	\N	163	E	\N	HYUNDAI	\N	IONIQ 6	BEV 77KWH AWD EXECUTIVE EDITION	2023
836348520230227	\N	\N	E	\N	LEXUS	\N	RZ	BEV 71KWH 450E ELEGANCE	2023
836392920230406	\N	153	E	\N	VOLKSWAGEN	\N	ID.3	BEV 62KWH 150KW PRO AUTO	2023
836584020230607	\N	\N	E	\N	FIAT	\N	DOBLO	BEV 50KWH AUTO L1	2023
836676420230317	\N	165	E	\N	MG	\N	MG4	BEV 51KWH FAMILY AUTO	2023
836774520231102	\N	202	E	\N	NISSAN	\N	TOWNSTAR	BEV 45KWH TEKNA L2 AUTO	2023
837411520230606	\N	174	E	\N	BMW	\N	I5	BEV 84KWH EDRIVE40 A	2024
837430520230601	\N	194	E	\N	MERCEDES	\N	EQT	BEV 45KWH AUTO	2023
837496720230607	\N	170	E	\N	VOLVO	\N	EX30	BEV 69KWH TWIN ULTRA AUTO AWD	2024
837523920230612	\N	182	E	\N	HONDA	\N	E:NY1	BEV 69KWH ADVANCE AUTO	2023
837552920231102	\N	\N	E	\N	NISSAN	\N	TOWNSTAR	BEV 45KWH ACENTA AUTO	2023
837758420230705	\N	\N	E	\N	IVECO	\N	DAILY	(!)BEV 74KWH 35S14EV 3520 H1	2023
838027120230710	\N	177	E	\N	MG	\N	MG5	BEV 50KWH COMFORT AUTO	2023
838197920230711	\N	264	E	\N	TOYOTA	\N	PROACE VERSO	BEV 50 KWH SHUTTLE COMFORT L1	2023
838420020230809	\N	230	E	\N	TOYOTA	\N	PROACE	BEV 75KWH L2H1 BASE	2023
838630920240112	\N	142	E	\N	VOLKSWAGEN	\N	ID.7	BEV 82KWH 210 KW PRO AUTO	2024
838959220231011	\N	163	E	\N	BMW	\N	IX2	BEV 67KWH XDRIVE30 AUTO	2024
839131420231017	\N	215	E	\N	KIA	\N	EV9	BEV 100KWH 203HP LAUNCH EARTH AUTO	2024
839182620231017	\N	156	E	\N	BYD	\N	DOLPHIN	BEV 45KWH ACTIVE AUTO	2023
839197920231016	\N	174	E	\N	BYD	\N	SEAL	BEV 83KWH DESIGN	2023
839227120231017	\N	163	E	\N	BYD	\N	ATTO 3	BEV 60KWH COMFORT AUTO	2023
839870020231130	\N	140	E	\N	MINI	\N	COOPER	BEV 41 KWH E	2024
839950420231129	\N	152	E	\N	FIAT	\N	600	BEV 54KWH RED AUTO	2023
839987020231208	\N	212	E	\N	HYUNDAI	\N	IONIQ 5	(!)BEV 84KWH AWD N	2023
840412720240116	\N	166	E	\N	RENAULT	\N	SCENIC	60KWH 170HP TECHNO COMFORT RANGE	2024
840414720240118	\N	284	E	\N	MERCEDES	\N	SPRINTER	BEV 56KWH 136HP BASE AUTO MWB 3.5T HRF	2024
840514320230912	\N	204	E	\N	PEUGEOT	\N	RIFTER	BEV 50KWH GT LWB	2023
840555920240129	\N	202	E	\N	BYD	\N	SEAL U	BEV 72KWH COMFORT AUTO	2023
429679520221124	\N	\N	E	AAA222	VOLVO	\N	C40	(O)BEV 78KWH RECHARGE TWIN CORE AWD	2023
738361820200422	23	259	E	AAA333	NISSAN	\N	NV200	(+)TEKNA ELECTRIC	2018
836242520230515	15	\N	E	ABC333	JEEP	\N	AVENGER	BEV 54KWH LONGITUDE	2023
818350620200501	16	190	E	ABC444	MAZDA	\N	MX-30	35.5KWH 105KW GT	2020
781936420191206	18	178	E	ABB123	SMART	\N	FORFOUR	BEV 18KWH EQ BATTERY AUTO	2020
814349220220718	27	209	E	ACC333	PORSCHE	\N	TAYCAN	BEV 79KWH 4S AUTO	2023
807008020230726	25	221	E	DEE888	AUDI	\N	Q8 E-TRON	BEV 114KWH 55 QUATTRO ADVANCED	2024
839547320231021	151	151	E	DDD333	PEUGEOT	\N	308	BEV 54KWH GT	2023
743140420200305	13	154	E	BBB321	VOLKSWAGEN	\N	GOLF	E-GOLF	2020
837446720230601	\N	194	E	FGH676	MERCEDES	\N	CITAN	BEV 45KWH AUTO MWB	2022
428439420211122	\N	\N	E	HAC421	VOLVO	\N	XC40	(O)BEV 70KWH RECHARGE CORE	2022
437970420230901	\N	\N	E	DEF262	TESLA	\N	MODEL 3	(O)BEV LONG RANGE RWD	2021
433547720230824	\N	\N	E	AAA111	RENAULT	25300	KANGOO	(O)BEV 45KWH 11KW ADVANCE	2023
826455320211206	15	140	E	ABF553	TESLA	\N	MODEL 3	BEV 50KWH STANDARD RANGE PLUS RWD	2021
840530020240125	\N	\N	E	DEF435	PORSCHE	\N	MACAN	BEV 100KWH 4 AUTO 4WD	2024
816643820220808	18	\N	E	GGG562	DS	50000	DS 3 CROSSBACK	BEV 50KWH E-TENSE PERFORMANCE LINE AUTO	2022
\.


--
-- Name: odometer_reading_id_seq; Type: SEQUENCE SET; Schema: public; Owner: postgres
--

SELECT pg_catalog.setval('public.odometer_reading_id_seq', 10, true);


--
-- Name: carbon_intensity carbon_intensity_pk; Type: CONSTRAINT; Schema: public; Owner: postgres
--

ALTER TABLE ONLY public.carbon_intensity
    ADD CONSTRAINT carbon_intensity_pk PRIMARY KEY (year);


--
-- Name: default_energy_consumption default_energy_consumption_pkey; Type: CONSTRAINT; Schema: public; Owner: postgres
--

ALTER TABLE ONLY public.default_energy_consumption
    ADD CONSTRAINT default_energy_consumption_pkey PRIMARY KEY (id);


--
-- Name: defaultec defaultec_pkey; Type: CONSTRAINT; Schema: public; Owner: postgres
--

ALTER TABLE ONLY public.defaultec
    ADD CONSTRAINT defaultec_pkey PRIMARY KEY (id);


--
-- Name: odometer_reading odometer_reading_pkey; Type: CONSTRAINT; Schema: public; Owner: postgres
--

ALTER TABLE ONLY public.odometer_reading
    ADD CONSTRAINT odometer_reading_pkey PRIMARY KEY (id);


--
-- Name: project project_pkey; Type: CONSTRAINT; Schema: public; Owner: postgres
--

ALTER TABLE ONLY public.project
    ADD CONSTRAINT project_pkey PRIMARY KEY (project_id);


--
-- Name: vehicle vehicle_pkey; Type: CONSTRAINT; Schema: public; Owner: postgres
--

ALTER TABLE ONLY public.vehicle
    ADD CONSTRAINT vehicle_pkey PRIMARY KEY (vehicle_id);


--
-- Name: project fkslbv9nyy4a2ei55awr7fqexfc; Type: FK CONSTRAINT; Schema: public; Owner: postgres
--

ALTER TABLE ONLY public.project
    ADD CONSTRAINT fkslbv9nyy4a2ei55awr7fqexfc FOREIGN KEY (vehicle_id) REFERENCES public.vehicle(vehicle_id);


--
-- Name: SCHEMA public; Type: ACL; Schema: -; Owner: fusionmobilitystore
--

REVOKE USAGE ON SCHEMA public FROM PUBLIC;
GRANT ALL ON SCHEMA public TO postgres;
GRANT ALL ON SCHEMA public TO PUBLIC;


--
-- PostgreSQL database dump complete
--

